{"cameraMode":{"drawMode":0,"name":"Shaded","section":"Shading Mode"},"sceneLighting":true,"audioPlay":false,"sceneViewState":{"showFog":true,"showMaterialUpdate":false,"showSkybox":true,"showFlares":true,"showImageEffects":true,"showParticleSystems":true},"in2DMode":false,"pivot":{"x":449.9350280761719,"y":214.3292694091797,"z":4.1573333740234379},"rotation":{"x":0.04978983849287033,"y":-0.007809095084667206,"z":0.00038943422259762883,"w":0.9987291097640991},"size":541.6901245117188,"orthographic":false}