{"cameraMode":{"drawMode":0,"name":"Shaded","section":"Shading Mode"},"sceneLighting":false,"audioPlay":false,"sceneViewState":{"showFog":true,"showMaterialUpdate":false,"showSkybox":true,"showFlares":true,"showImageEffects":true,"showParticleSystems":true},"in2DMode":false,"pivot":{"x":100.49058532714844,"y":1.2812449932098389,"z":99.99766540527344},"rotation":{"x":0.14529508352279664,"y":-0.002111701527610421,"z":0.0003101440379396081,"w":0.9893860816955566},"size":7.768027305603027,"orthographic":false}