{"cameraMode":{"drawMode":0,"name":"Shaded","section":"Shading Mode"},"sceneLighting":false,"audioPlay":false,"sceneViewState":{"showFog":true,"showMaterialUpdate":false,"showSkybox":true,"showFlares":true,"showImageEffects":true,"showParticleSystems":true},"in2DMode":false,"pivot":{"x":-3.509416103363037,"y":1.2605113983154297,"z":-5.492336750030518},"rotation":{"x":0.012832018546760083,"y":-0.9585765600204468,"z":0.2811626195907593,"w":0.04374919831752777},"size":7.7299113273620609,"orthographic":false}